Title,Date,User,Day of Week
Paradise PD: Part 2: Tucker Carlson Is a Huge D**k,3/8/2020,Both,Sunday
The Irishman,3/8/2020,Both,Sunday
Paradise PD: Part 2: Big Ball Energy,3/7/2020,Both,Saturday
Paradise PD: Part 2: Paradise Found,3/7/2020,Both,Saturday
Sex Education: Season 2: Episode 2,3/2/2020,Nisha,Monday
Sex Education: Season 2: Episode 1,3/2/2020,Nisha,Monday
Sex Education: Season 1: Episode 8,3/1/2020,Nisha,Sunday
I Lost My Body,2/29/2020,Both,Saturday
Burning,2/29/2020,Nisha,Saturday
Open Season,2/29/2020,Both,Saturday
The Chef Show: Season 1 - Volume 3: Wolfgang Puck,2/26/2020,Both,Wednesday
The Office (U.S.): Season 2: The Dundies,2/26/2020,Erik,Wednesday
Night on Earth: Limited Series: Moonlit Plains,2/26/2020,Both,Wednesday
Nacho Libre,2/24/2020,Erik,Monday
BoJack Horseman: Season 6: Nice While It Lasted,2/22/2020,Erik,Saturday
BoJack Horseman: Season 6: The View from Halfway Down,2/22/2020,Erik,Saturday
BoJack Horseman: Season 6: Angela,2/22/2020,Erik,Saturday
BoJack Horseman: Season 6: The Horny Unicorn,2/22/2020,Erik,Saturday
BoJack Horseman: Season 6: Xerox of a Xerox,2/22/2020,Erik,Saturday
BoJack Horseman: Season 6: Sunk Cost and All That,2/22/2020,Erik,Saturday
BoJack Horseman: Season 6: Good Damage,2/22/2020,Erik,Saturday
BoJack Horseman: Season 6: Intermediate Scene Study w/ BoJack Horseman,2/21/2020,Erik,Friday
"BoJack Horseman: Season 6: A Quick One, While He's Away",2/21/2020,Erik,Friday
BoJack Horseman: Season 6: The Face of Depression,2/21/2020,Erik,Friday
BoJack Horseman: Season 6: The Kidney Stays in the Picture,2/21/2020,Erik,Friday
"BoJack Horseman: Season 6: A Little Uneven, Is All",2/20/2020,Erik,Thursday
BoJack Horseman: Season 6: Surprise!,2/20/2020,Erik,Thursday
BoJack Horseman: Season 6: Feel-Good Story,2/19/2020,Erik,Wednesday
BoJack Horseman: Season 6: The New Client,2/19/2020,Erik,Wednesday
BoJack Horseman: Season 6: A Horse Walks into a Rehab,2/19/2020,Erik,Wednesday
BoJack Horseman: Season 5: The Stopped Show,2/19/2020,Erik,Wednesday
BoJack Horseman: Season 5: The Showstopper,2/19/2020,Erik,Wednesday
BoJack Horseman: Season 5: Head in the Clouds,2/19/2020,Erik,Wednesday
BoJack Horseman: Season 5: Ancient History,2/18/2020,Erik,Tuesday
BoJack Horseman: Season 5: Mr. Peanutbutter's Boos,2/18/2020,Erik,Tuesday
BoJack Horseman: Season 5: INT. SUB,2/18/2020,Erik,Tuesday
BoJack Horseman: Season 5: Free Churro,2/18/2020,Erik,Tuesday
BoJack Horseman: Season 5: The Amelia Earhart Story,2/18/2020,Erik,Tuesday
BoJack Horseman: Season 5: BoJack the Feminist,2/18/2020,Erik,Tuesday
BoJack Horseman: Season 5: Planned Obsolescence,2/18/2020,Erik,Tuesday
BoJack Horseman: Season 5: The Dog Days Are Over,2/18/2020,Erik,Tuesday
BoJack Horseman: Season 4: The Judge,2/18/2020,Erik,Tuesday
BoJack Horseman: Season 5: The Light Bulb Scene,2/17/2020,Erik,Monday
BoJack Horseman: Season 4: What Time Is It Right Now,2/17/2020,Erik,Monday
BoJack Horseman: Season 4: Time's Arrow,2/17/2020,Erik,Monday
BoJack Horseman: Season 4: lovin that cali lifestyle!!,2/17/2020,Erik,Monday
BoJack Horseman: Season 4: Ruthie,2/17/2020,Erik,Monday
BoJack Horseman: Season 4: Underground,2/17/2020,Erik,Monday
BoJack Horseman: Season 4: Stupid Piece of Sh*t,2/17/2020,Erik,Monday
BoJack Horseman: Season 4: Thoughts and Prayers,2/16/2020,Erik,Sunday
BoJack Horseman: Season 4: Commence Fracking,2/16/2020,Erik,Sunday
BoJack Horseman: Season 4: Hooray! Todd Episode!,2/15/2020,Erik,Saturday
BoJack Horseman: Season 4: The Old Sugarman Place,2/15/2020,Erik,Saturday
BoJack Horseman: Season 4: See Mr. Peanutbutter Run,2/15/2020,Erik,Saturday
Sex Education: Season 2: Episode 8,2/11/2020,Nisha,Tuesday
Sex Education: Season 1: Episode 4,2/8/2020,Nisha,Saturday
Sex Education: Season 1: Episode 3,2/8/2020,Nisha,Saturday
Sex Education: Season 1: Episode 2,2/8/2020,Nisha,Saturday
Sex Education: Season 2: Episode 5,2/8/2020,Nisha,Saturday
Sex Education: Season 2: Episode 4,2/8/2020,Nisha,Saturday
Sex Education: Season 1: Episode 1,2/8/2020,Nisha,Saturday
Sex Education: Season 2: Episode 3,2/8/2020,Nisha,Saturday
Inception,1/30/2020,Nisha,Thursday
Talladega Nights: The Ballad of Ricky Bobby,1/29/2020,Erik,Wednesday
Catch Me If You Can,1/27/2020,Erik,Monday
Coming to America,1/27/2020,Erik,Monday
"Pandemic: How to Prevent an Outbreak: Season 1: Seek, Don't Hide",1/26/2020,Erik,Sunday
Pandemic: How to Prevent an Outbreak: Season 1: Pandemic Is Now,1/26/2020,Erik,Sunday
Pandemic: How to Prevent an Outbreak: Season 1: It Hunts Us,1/26/2020,Erik,Sunday
Fauda: Season 1: Episode 1,1/26/2020,Erik,Sunday
Sex Education: Season 2: Episode 7,1/25/2020,Erik,Saturday
Sex Education: Season 2: Episode 6,1/25/2020,Erik,Saturday
Dracula: Season 1: The Dark Compass,1/24/2020,Nisha,Friday
Dracula: Season 1: Blood Vessel,1/24/2020,Nisha,Friday
Dracula: Season 1: The Rules of the Beast,1/24/2020,Nisha,Friday
The End of the F***ing World: Season 2: Episode 4,1/15/2020,Erik,Wednesday
The End of the F***ing World: Season 2: Episode 3,1/15/2020,Erik,Wednesday
Russian Doll: Season 1: The Great Escape,1/11/2020,Erik,Saturday
Russian Doll: Season 1: Nothing in This World Is Easy,1/11/2020,Erik,Saturday
Tall Girl,1/10/2020,Erik,Friday
All the Freckles in the World,1/10/2020,Erik,Friday
Yes Man,1/10/2020,Erik,Friday
Raging Bull,1/10/2020,Nisha,Friday
Inglourious Basterds,1/9/2020,Nisha,Thursday
Gangs of New York,1/9/2020,Nisha,Thursday
The Departed,1/8/2020,Nisha,Wednesday
Zodiac,1/8/2020,Nisha,Wednesday
The End of the F***ing World: Season 2: Episode 2,1/2/2020,Erik,Thursday
The End of the F***ing World: Season 2: Episode 1,1/2/2020,Erik,Thursday
Don't F**k with Cats: Hunting an Internet Killer: Limited Series: Closing the Net,12/30/2019,Erik,Monday
Don't F**k with Cats: Hunting an Internet Killer: Limited Series: Killing for Clicks,12/30/2019,Erik,Monday
Don't F**k with Cats: Hunting an Internet Killer: Limited Series: Cat and Mouse,12/29/2019,Erik,Sunday
The IT Crowd: Series 5: The Final Episode,12/29/2019,Erik,Sunday
The IT Crowd: Series 4: Reynholm vs Reynholm,12/29/2019,Erik,Sunday
The IT Crowd: Series 4: Bad Boys,12/29/2019,Erik,Sunday
The IT Crowd: Series 4: Italian for Beginners,12/29/2019,Erik,Sunday
The IT Crowd: Series 4: Something Happened,12/28/2019,Erik,Saturday
The IT Crowd: Series 4: The Final Countdown,12/28/2019,Erik,Saturday
The IT Crowd: Series 4: Jen the Fredo,12/28/2019,Erik,Saturday
The IT Crowd: Series 3: Calendar Geeks,12/28/2019,Erik,Saturday
The IT Crowd: Series 3: Friendface,12/28/2019,Erik,Saturday
The IT Crowd: Series 3: The Speech,12/27/2019,Erik,Friday
The IT Crowd: Series 3: Tramps Like Us,12/27/2019,Erik,Friday
The IT Crowd: Series 3: Are We Not Men?,12/27/2019,Erik,Friday
The IT Crowd: Series 3: From Hell,12/27/2019,Erik,Friday
The IT Crowd: Series 2: Men Without Women,12/27/2019,Erik,Friday
The IT Crowd: Series 2: Smoke and Mirrors,12/27/2019,Erik,Friday
The IT Crowd: Series 2: The Dinner Party,12/27/2019,Erik,Friday
The IT Crowd: Series 2: Moss and the German,12/27/2019,Erik,Friday
The IT Crowd: Series 2: Return of the Golden Child,12/27/2019,Erik,Friday
The IT Crowd: Series 2: The Work Outing,12/27/2019,Erik,Friday
The IT Crowd: Series 1: Aunt Irma Visits,12/27/2019,Erik,Friday
The IT Crowd: Series 1: The Haunting of Bill Crouse,12/27/2019,Erik,Friday
The IT Crowd: Series 1: The Red Door,12/27/2019,Erik,Friday
The IT Crowd: Series 1: Fifty-Fifty,12/27/2019,Erik,Friday
The IT Crowd: Series 1: Calamity Jen,12/27/2019,Erik,Friday
The IT Crowd: Series 1: Yesterday's Jam,12/27/2019,Erik,Friday
Fireplace 4K: Crackling Birchwood from Fireplace for Your Home,12/25/2019,Erik,Wednesday
John Mulaney & The Sack Lunch Bunch,12/25/2019,Erik,Wednesday
The Good Place: Season 3: Pandemonium,12/22/2019,Erik,Sunday
The Good Place: Season 3: Everything is Bonzer,12/21/2019,Erik,Saturday
The Good Place: Season 3: The Book of Dougs,12/21/2019,Erik,Saturday
The Good Place: Season 2: Somewhere Else,12/21/2019,Erik,Saturday
The Good Place: Season 3: Janet(s),12/21/2019,Erik,Saturday
The Good Place: Season 2: The Burrito,12/21/2019,Erik,Saturday
The Good Place: Season 3: Don't Let the Good Life Pass You By,12/21/2019,Erik,Saturday
"The Good Place: Season 2: Rhonda, Diana, Jake, and Trent",12/21/2019,Erik,Saturday
The Good Place: Season 3: The Worst Possible Use of Free Will,12/21/2019,Erik,Saturday
The Good Place: Season 3: A Fractured Inheritance,12/21/2019,Erik,Saturday
The Good Place: Season 2: Best Self,12/21/2019,Erik,Saturday
The Good Place: Season 3: The Ballad of Donkey Doug,12/21/2019,Erik,Saturday
The Good Place: Season 3: Jeremy Bearimy,12/21/2019,Erik,Saturday
The Good Place: Season 3: The Snowplow,12/21/2019,Erik,Saturday
The Good Place: Season 3: The Brainy Bunch,12/21/2019,Erik,Saturday
Portlandia: Season 3: Alexandra,12/21/2019,Erik,Saturday
Portlandia: Season 3: Soft Opening,12/21/2019,Erik,Saturday
Portlandia: Season 3: The Temp,12/21/2019,Erik,Saturday
The Good Place: Season 2: Leap to Faith,12/21/2019,Erik,Saturday
The Witcher: Season 1: Much More,12/21/2019,Nisha,Saturday
The Witcher: Season 1: Bottled Appetites,12/21/2019,Nisha,Saturday
The Witcher: Season 1: The End’s Beginning,12/21/2019,Nisha,Saturday
The Witcher: Season 1: Before a Fall,12/20/2019,Nisha,Friday
The Witcher: Season 1: Rare Species,12/20/2019,Nisha,Friday
"The Witcher: Season 1: Of Banquets, Bastards and Burials",12/20/2019,Nisha,Friday
The Good Place: Season 2: Derek,12/20/2019,Erik,Friday
The Good Place: Season 2: Janet and Michael,12/20/2019,Erik,Friday
The Witcher: Season 1: Betrayer Moon,12/20/2019,Nisha,Friday
The Witcher: Season 1: Four Marks,12/20/2019,Nisha,Friday
The Good Place: Season 2: The Trolley Problem,12/20/2019,Erik,Friday
The Good Place: Season 2: Existential Crisis,12/20/2019,Erik,Friday
The Good Place: Season 2: Team Cockroach,12/20/2019,Erik,Friday
The Good Place: Season 2: Dance Dance Resolution,12/20/2019,Erik,Friday
The Good Place: Season 2: Everything Is Great!,12/20/2019,Erik,Friday
A Silent Voice,12/19/2019,Nisha,Thursday
Supernatural: Season 3: Long-Distance Call,12/19/2019,Nisha,Thursday
Supernatural: Season 3: Ghostfacers!,12/19/2019,Nisha,Thursday
Supernatural: Season 3: Jus in Bello,12/19/2019,Nisha,Thursday
Supernatural: Season 3: Mystery Spot,12/19/2019,Nisha,Thursday
Supernatural: Season 3: Dream a Little Dream of Me,12/19/2019,Nisha,Thursday
Supernatural: Season 3: Malleus Maleficarum,12/19/2019,Nisha,Thursday
Supernatural: Season 3: A Very Supernatural Christmas,12/18/2019,Nisha,Wednesday
Supernatural: Season 3: Fresh Blood,12/18/2019,Nisha,Wednesday
Supernatural: Season 3: Red Sky at Morning,12/18/2019,Nisha,Wednesday
Supernatural: Season 3: Bedtime Stories,12/18/2019,Nisha,Wednesday
Supernatural: Season 3: Sin City,12/18/2019,Nisha,Wednesday
The Good Place: Season 1: Michael's Gambit,12/18/2019,Erik,Wednesday
The Good Place: Season 1: Mindy St. Claire,12/18/2019,Erik,Wednesday
The Good Place: Season 1: What's My Motivation,12/18/2019,Erik,Wednesday
The Good Place: Season 1: Chidi's Choice,12/18/2019,Erik,Wednesday
Supernatural: Season 3: Bad Day at Black Rock,12/18/2019,Nisha,Wednesday
Supernatural: Season 3: The Kids Are Alright,12/18/2019,Nisha,Wednesday
Supernatural: Season 3: The Magnificent Seven,12/17/2019,Nisha,Tuesday
Supernatural: Season 2: All Hell Breaks Loose: Part 2,12/17/2019,Nisha,Tuesday
Supernatural: Season 2: What Is and What Should Never Be,12/17/2019,Nisha,Tuesday
Supernatural: Season 2: Folsom Prison Blues,12/17/2019,Nisha,Tuesday
Supernatural: Season 2: Hollywood Babylon,12/17/2019,Nisha,Tuesday
Supernatural: Season 2: Heart,12/17/2019,Nisha,Tuesday
The Good Place: Season 1: ...Someone Like Me as a Member,12/17/2019,Erik,Tuesday
The Good Place: Season 1: Most Improved Player,12/17/2019,Erik,Tuesday
The Good Place: Season 1: The Eternal Shriek,12/17/2019,Erik,Tuesday
The Good Place: Season 1: What We Owe to Each Other,12/17/2019,Erik,Tuesday
The Good Place: Season 1: Category 55 Emergency Doomsday Crisis,12/17/2019,Erik,Tuesday
The Good Place: Season 1: Jason Mendoza,12/17/2019,Erik,Tuesday
The Good Place: Season 1: Tahani Al-Jamil,12/17/2019,Erik,Tuesday
The Good Place: Season 1: Flying,12/17/2019,Erik,Tuesday
The Good Place: Season 1: Everything Is Fine,12/17/2019,Erik,Tuesday
Supernatural: Season 2: Roadkill,12/16/2019,Nisha,Monday
Supernatural: Season 2: Tall Tales,12/16/2019,Nisha,Monday
Supernatural: Season 2: Born Under a Bad Sign,12/16/2019,Nisha,Monday
Supernatural: Season 2: Houses of the Holy,12/16/2019,Nisha,Monday
Supernatural: Season 2: Night Shifter,12/14/2019,Nisha,Saturday
Supernatural: Season 2: Playthings,12/14/2019,Nisha,Saturday
Supernatural: Season 2: Hunted,12/14/2019,Nisha,Saturday
Supernatural: Season 2: Croatoan,12/14/2019,Nisha,Saturday
Supernatural: Season 2: Crossroad Blues,12/14/2019,Nisha,Saturday
Supernatural: Season 2: No Exit,12/14/2019,Nisha,Saturday
Supernatural: Season 2: Simon Said,12/14/2019,Nisha,Saturday
Supernatural: Season 2: Children Shouldn't Play With Dead Things,12/13/2019,Nisha,Friday
Supernatural: Season 2: Bloodlust,12/13/2019,Nisha,Friday
Supernatural: Season 2: Everybody Loves a Clown,12/13/2019,Nisha,Friday
Supernatural: Season 2: In My Time of Dying,12/13/2019,Nisha,Friday
Supernatural: Season 1: Devil's Trap,12/13/2019,Nisha,Friday
Portlandia: Season 3: Off the Grid,12/13/2019,Erik,Friday
Supernatural: Season 1: Salvation,12/13/2019,Nisha,Friday
Portlandia: Season 3: Squiggleman,12/13/2019,Erik,Friday
Portlandia: Season 3: Nina's Birthday,12/13/2019,Erik,Friday
Supernatural: Season 1: Dead Man's Blood,12/13/2019,Nisha,Friday
Magic for Humans: Season 2: Christmas,12/13/2019,Erik,Friday
Supernatural: Season 1: Provenance,12/12/2019,Nisha,Thursday
Supernatural: Season 1: Something Wicked this Way Comes,12/12/2019,Nisha,Thursday
Supernatural: Season 1: Hell House,12/12/2019,Nisha,Thursday
Supernatural: Season 1: Shadow,12/12/2019,Nisha,Thursday
Supernatural: Season 1: The Benders,12/12/2019,Nisha,Thursday
Supernatural: Season 1: Nightmare,12/10/2019,Nisha,Tuesday
Supernatural: Season 1: Route 666,12/10/2019,Nisha,Tuesday
Supernatural: Season 1: Faith,12/10/2019,Nisha,Tuesday
Supernatural: Season 1: Scarecrow,12/10/2019,Nisha,Tuesday
Supernatural: Season 1: Asylum,12/10/2019,Nisha,Tuesday
Supernatural: Season 1: Home,12/10/2019,Nisha,Tuesday
Supernatural: Season 1: Bugs,12/10/2019,Nisha,Tuesday
Supernatural: Season 1: Hook Man,12/10/2019,Nisha,Tuesday
Supernatural: Season 1: Skin,12/10/2019,Nisha,Tuesday
Supernatural: Season 1: Bloody Mary,12/9/2019,Nisha,Monday
Supernatural: Season 1: Phantom Traveler,12/9/2019,Nisha,Monday
Supernatural: Season 1: Dead in the Water,12/9/2019,Nisha,Monday
Supernatural: Season 1: Wendigo,12/9/2019,Nisha,Monday
Explained: Season 2: The Future of Meat,12/6/2019,Erik,Friday
Explained: Season 2: Diamonds,12/6/2019,Erik,Friday
Explained: Season 2: The Next Pandemic,11/30/2019,Erik,Saturday
Taxi Driver,11/30/2019,Nisha,Saturday
Explained: Season 2: Pirates,11/28/2019,Erik,Thursday
Explained: Season 2: Coding,11/28/2019,Erik,Thursday
Explained: Season 2: Athleisure,11/28/2019,Erik,Thursday
Explained: Season 2: Beauty,11/27/2019,Erik,Wednesday
Zombieland,11/8/2019,Nisha,Friday
The King,11/3/2019,Nisha,Sunday
Hunter X Hunter (2011): Season 3: Nen x Users x Unite?,10/21/2019,Erik,Monday
Hunter X Hunter (2011): Season 2: Power x to x Avenge,10/21/2019,Erik,Monday
Hunter X Hunter (2011): Season 1: The x Zoldyck x Family,10/21/2019,Erik,Monday
Hunter X Hunter (2011): Season 1: Test x of x Tests,10/21/2019,Erik,Monday
Hunter X Hunter (2011): Season 3: Signal x to x Retreat,10/21/2019,Erik,Monday
Hunter X Hunter (2011): Season 3: Initiative x and x Law,10/21/2019,Erik,Monday
Hunter X Hunter (2011): Season 3: Beloved x and x Beleaguered,10/21/2019,Erik,Monday
Hunter X Hunter (2011): Season 3: Alies x and x Lies,10/21/2019,Erik,Monday
Hunter X Hunter (2011): Season 3: Fortunes x Aren't x Right?,10/21/2019,Erik,Monday
Hunter X Hunter (2011): Season 3: Fake x and x Psyche,10/21/2019,Erik,Monday
Hunter X Hunter (2011): Season 3: Assault x and x Impact,10/20/2019,Erik,Sunday
Hunter X Hunter (2011): Season 3: A x Brutal x Battlefield,10/20/2019,Erik,Sunday
Hunter X Hunter (2011): Season 3: Ally x and x Sword,10/20/2019,Erik,Sunday
Hunter X Hunter (2011): Season 3: Pursuit x and x Analysis,10/20/2019,Erik,Sunday
Hunter X Hunter (2011): Season 3: Very x Sharp x Eye,10/20/2019,Erik,Sunday
Hunter X Hunter (2011): Season 3: Condition x and x Condition,10/20/2019,Erik,Sunday
Hunter X Hunter (2011): Season 3: Chasing x and x Waiting,10/20/2019,Erik,Sunday
Hunter X Hunter (2011): Season 3: Restraint x and x Vow,10/20/2019,Erik,Sunday
Hunter X Hunter (2011): Season 3: Buildup x to a x Fierce Battle,10/20/2019,Erik,Sunday
Hunter X Hunter (2011): Season 3: A x Shocking x Tragedy,10/20/2019,Erik,Sunday
Hunter X Hunter (2011): Season 3: Defend x and x Attack,10/20/2019,Erik,Sunday
Hunter X Hunter (2011): Season 3: Gathering x of x Heroes,10/19/2019,Erik,Saturday
Hunter X Hunter (2011): Season 3: Wish x and x Promise,10/19/2019,Erik,Saturday
Hunter X Hunter (2011): Season 2: Reply x from x Dad,10/19/2019,Erik,Saturday
Hunter X Hunter (2011): Season 2: Ging x and x Gon,10/19/2019,Erik,Saturday
Hunter X Hunter (2011): Season 2: A Big Debt x and x a Small Kick,10/18/2019,Erik,Friday
Hunter X Hunter (2011): Season 2: The x True x Pass,10/18/2019,Erik,Friday
Hunter X Hunter (2011): Season 2: An x Empty x Threat,10/17/2019,Erik,Thursday
Hunter X Hunter (2011): Season 2: A x Surprising x Win,10/17/2019,Erik,Thursday
Hunter X Hunter (2011): Season 2: Destiny x and x Tenacity,10/17/2019,Erik,Thursday
Hunter X Hunter (2011): Season 2: Fierce x and x Ferocious,10/17/2019,Erik,Thursday
Hunter X Hunter (2011): Season 2: Awakening x and x Potential,10/17/2019,Erik,Thursday
Hunter X Hunter (2011): Season 2: Nen x and x Nen,10/17/2019,Erik,Thursday
Hunter X Hunter (2011): Season 2: Arrival x at x the Arena,10/17/2019,Erik,Thursday
Hunter X Hunter (2011): Season 1: Then x and x After,10/17/2019,Erik,Thursday
Hunter X Hunter (2011): Season 1: Can't See x if x You're Blind,10/17/2019,Erik,Thursday
Hunter X Hunter (2011): Season 1: The x Guard's x Duty,10/17/2019,Erik,Thursday
Hunter X Hunter (2011): Season 1: A x Dangerous x Watchdog,10/16/2019,Erik,Wednesday
Hunter X Hunter (2011): Season 1: Some x Brother x Trouble,10/16/2019,Erik,Wednesday
Hunter X Hunter (2011): Season 1: Baffling Turn x of x Events,10/16/2019,Erik,Wednesday
Hunter X Hunter (2011): Season 1: Can't Win x But x Can't Lose,10/15/2019,Erik,Tuesday
Hunter X Hunter (2011): Season 1: Big x Time x Interview,10/15/2019,Erik,Tuesday
Hunter X Hunter (2011): Season 1: Trap x in x the Hole,10/15/2019,Erik,Tuesday
Hunter X Hunter (2011): Season 1: Defeat x and x Disgrace,10/15/2019,Erik,Tuesday
Hunter X Hunter (2011): Season 1: Scramble x of x Deception,10/15/2019,Erik,Tuesday
Hunter X Hunter (2011): Season 1: Hit x the x Target,10/15/2019,Erik,Tuesday
Hunter X Hunter (2011): Season 1: Letter x from x Gon,10/15/2019,Erik,Tuesday
Hunter X Hunter (2011): Season 1: Last Test x of x Resolve,10/14/2019,Erik,Monday
Hunter X Hunter (2011): Season 1: Trouble x with x the Gamble,10/14/2019,Erik,Monday
Hunter X Hunter (2011): Season 1: Trick x to x the Trick,10/14/2019,Erik,Monday
Hunter X Hunter (2011): Season 1: Beware x of x Prisoners,10/14/2019,Erik,Monday
Hunter X Hunter (2011): Season 1: Solution x Is x Majority Rules?,10/14/2019,Erik,Monday
Hunter X Hunter (2011): Season 1: Showdown x on x the Airship,10/14/2019,Erik,Monday
Hunter X Hunter (2011): Season 1: A x Surprising x Challenge,10/14/2019,Erik,Monday
Hunter X Hunter (2011): Season 1: Hisoka x Is x Sneaky,10/14/2019,Erik,Monday
Hunter X Hunter (2011): Season 1: Hope x and x Ambition,10/14/2019,Erik,Monday
Hunter X Hunter (2011): Season 1: Rivals x for x Survival,10/14/2019,Erik,Monday
Hunter X Hunter (2011): Season 1: Departure x and x Friends,10/13/2019,Erik,Sunday
Mudbound,10/13/2019,Erik,Sunday
Explained: Season 2: Billionaires,10/12/2019,Erik,Saturday
"The Mind, Explained: Limited Series: Memory",10/12/2019,Erik,Saturday
Explained: Season 2: Cults,10/12/2019,Erik,Saturday
Explained: Season 2: Animal Intelligence,10/11/2019,Erik,Friday
Big Mouth: Season 3: Super Mouth,10/9/2019,Both,Wednesday
Big Mouth: Season 3: Disclosure the Movie: The Musical!,10/9/2019,Both,Wednesday
Big Mouth: Season 3: The ASSes,10/9/2019,Both,Wednesday
Big Mouth: Season 3: Rankings,10/8/2019,Both,Tuesday
Big Mouth: Season 3: Duke,10/8/2019,Both,Tuesday
Big Mouth: Season 3: How To Have An Orgasm,10/8/2019,Both,Tuesday
Big Mouth: Season 3: Florida,10/6/2019,Both,Sunday
Big Mouth: Season 3: Obsessed,10/6/2019,Both,Sunday
Big Mouth: Season 3: Cellsea,10/5/2019,Both,Saturday
Big Mouth: Season 3: Girls Are Angry Too,10/4/2019,Both,Friday
The Universe: Season 1: Secrets of the Sun,9/22/2019,Both,Sunday
"Shameless (U.S.): Season 9: Are You There Shim? It's Me, Ian.",9/18/2019,Both,Wednesday
Naruto: Season 1: Enter: Naruto Uzumaki!,9/18/2019,Erik,Wednesday
Neon Genesis Evangelion: Season 1: The Silent Phone,9/9/2019,Both,Monday
Neon Genesis Evangelion: Season 1: Unfamiliar Ceilings,9/9/2019,Both,Monday
Neon Genesis Evangelion: Season 1: Angel Attack,9/7/2019,Both,Saturday
One-Punch Man: Season 1: The Modern Ninja,9/7/2019,Both,Saturday
Blue Planet II: Blue Planet II: Season 1: Coasts,8/31/2019,Both,Saturday
Blue Planet II: Blue Planet II: Season 1: Our Blue Planet,8/31/2019,Both,Saturday
Sherlock: Series 1: The Blind Banker,8/28/2019,Both,Wednesday
"How to Sell Drugs Online (Fast): Season 1: If You Are the Smartest One in the Room, You're in the Wrong Room",8/28/2019,Both,Wednesday
How to Sell Drugs Online (Fast): Season 1: Score Big or Don't Score at All,8/28/2019,Both,Wednesday
"How to Sell Drugs Online (Fast): Season 1: If This is Reality, I'm Not Interested",8/28/2019,Both,Wednesday
How to Sell Drugs Online (Fast): Season 1: Failure is Not an Option,8/28/2019,Both,Wednesday
"How to Sell Drugs Online (Fast): Season 1: Life's Not Fair, Get Used to It",8/28/2019,Both,Wednesday
"How to Sell Drugs Online (Fast): Season 1: Nerd Today, Boss Tomorrow",8/28/2019,Both,Wednesday
Sherlock: Series 1: A Study in Pink,8/27/2019,Both,Tuesday
Sherlock Holmes: A Game of Shadows,8/26/2019,Both,Monday
Family Guy: Season 11: Into Fat Air,8/23/2019,Both,Friday
Master of None: Season 2: The Dinner Party,7/28/2019,Erik,Sunday
Master of None: Season 2: First Date,7/28/2019,Erik,Sunday
Master of None: Season 2: Religion,7/28/2019,Erik,Sunday
Master of None: Season 2: Le Nozze,7/28/2019,Erik,Sunday
National Treasure,7/28/2019,Erik,Sunday
Master of None: Season 2: The Thief,7/27/2019,Erik,Saturday
Master of None: Season 1: Finale,7/27/2019,Erik,Saturday
Master of None: Season 1: Mornings,7/22/2019,Erik,Monday
Master of None: Season 1: Old People,7/21/2019,Erik,Sunday
Master of None: Season 1: Ladies and Gentlemen,7/21/2019,Erik,Sunday
Master of None: Season 1: Nashville,7/21/2019,Erik,Sunday
Master of None: Season 1: The Other Man,7/21/2019,Erik,Sunday
Master of None: Season 1: Indians on TV,7/21/2019,Erik,Sunday
Master of None: Season 1: Hot Ticket,7/21/2019,Erik,Sunday
Master of None: Season 1: Parents,7/21/2019,Erik,Sunday
Master of None: Season 1: Plan B,7/20/2019,Erik,Saturday
Blown Away: Season 1: Best in Blow,7/19/2019,Erik,Friday
Blown Away: Season 1: Body Parts,7/19/2019,Erik,Friday
Blown Away: Season 1: The Glass is Greener,7/19/2019,Erik,Friday
Blown Away: Season 1: Dual Intent,7/19/2019,Erik,Friday
Blown Away: Season 1: Pop Art Blowup,7/19/2019,Erik,Friday
Blown Away: Season 1: Thirsty Work,7/19/2019,Erik,Friday
Blown Away: Season 1: Clash of the Robots,7/19/2019,Erik,Friday
Aziz Ansari: RIGHT NOW,7/19/2019,Erik,Friday
Parks and Recreation: Season 7: One Last Ride,7/16/2019,Erik,Tuesday
Parks and Recreation: Season 7: Two Funerals,7/16/2019,Erik,Tuesday
Parks and Recreation: Season 7: The Johnny Karate Super Awesome Musical Explosion Show,7/16/2019,Erik,Tuesday
Parks and Recreation: Season 7: Pie-Mary,7/16/2019,Erik,Tuesday
Parks and Recreation: Season 7: Ms. Ludgate-Dwyer Goes to Washington,7/16/2019,Erik,Tuesday
Parks and Recreation: Season 7: Donna & Joe,7/16/2019,Erik,Tuesday
Parks and Recreation: Season 7: Save JJ's,7/16/2019,Erik,Tuesday
Parks and Recreation: Season 7: Gryzzlbox,7/16/2019,Erik,Tuesday
Parks and Recreation: Season 7: Leslie and Ron,7/16/2019,Erik,Tuesday
Parks and Recreation: Season 7: William Henry Harrison,7/15/2019,Erik,Monday
Parks and Recreation: Season 7: Ron & Jammy,7/15/2019,Erik,Monday
Parks and Recreation: Season 7: 2017,7/15/2019,Erik,Monday
Parks and Recreation: Season 6: Moving Up,7/15/2019,Erik,Monday
"Parks and Recreation: Season 6: One in 8,000",7/15/2019,Erik,Monday
Parks and Recreation: Season 6: Flu Season 2,7/15/2019,Erik,Monday
Parks and Recreation: Season 6: Prom,7/15/2019,Erik,Monday
Parks and Recreation: Season 6: Galentine's Day,7/15/2019,Erik,Monday
Parks and Recreation: Season 6: New Slogan,7/15/2019,Erik,Monday
Parks and Recreation: Season 6: The Wall,7/15/2019,Erik,Monday
Parks and Recreation: Season 6: Anniversaries,7/15/2019,Erik,Monday
Parks and Recreation: Season 6: Ann and Chris,7/14/2019,Erik,Sunday
Parks and Recreation: Season 6: Farmers Market,7/14/2019,Erik,Sunday
Parks and Recreation: Season 6: New Beginnings,7/14/2019,Erik,Sunday
Parks and Recreation: Season 6: Second Chunce,7/14/2019,Erik,Sunday
Parks and Recreation: Season 6: The Cones of Dunshire,7/14/2019,Erik,Sunday
Parks and Recreation: Season 6: Fluoride,7/14/2019,Erik,Sunday
Parks and Recreation: Season 6: Recall Vote,7/14/2019,Erik,Sunday
Parks and Recreation: Season 6: Filibuster,7/14/2019,Erik,Sunday
Parks and Recreation: Season 6: Gin It Up!,7/14/2019,Erik,Sunday
Parks and Recreation: Season 6: Doppelgängers,7/14/2019,Erik,Sunday
Parks and Recreation: Season 6: The Pawnee-Eagleton Tip Off Classic,7/14/2019,Erik,Sunday
Parks and Recreation: Season 6: London: Parts 1 & 2,7/14/2019,Erik,Sunday
Parks and Recreation: Season 5: Are You Better Off?,7/14/2019,Erik,Sunday
Parks and Recreation: Season 5: Swing Vote,7/14/2019,Erik,Sunday
Parks and Recreation: Season 5: Jerry's Retirement,7/14/2019,Erik,Sunday
Parks and Recreation: Season 5: Article Two,7/14/2019,Erik,Sunday
Parks and Recreation: Season 5: Animal Control,7/14/2019,Erik,Sunday
Parks and Recreation: Season 5: Partridge,7/14/2019,Erik,Sunday
Blown Away: Season 1: Lighten Up,7/14/2019,Erik,Sunday
Blown Away: Season 1: Potluck Party,7/14/2019,Erik,Sunday
Blown Away: Season 1: Snapshot,7/13/2019,Erik,Saturday
Parks and Recreation: Season 5: Bailout,7/13/2019,Erik,Saturday
Parks and Recreation: Season 5: Correspondents' Lunch,7/13/2019,Erik,Saturday
Parks and Recreation: Season 5: Leslie and Ben,7/13/2019,Erik,Saturday
Parks and Recreation: Season 5: Emergency Response,7/13/2019,Erik,Saturday
Parks and Recreation: Season 5: Ann's Decision,7/13/2019,Erik,Saturday
Parks and Recreation: Season 5: Women in Garbage,7/13/2019,Erik,Saturday
Parks and Recreation: Season 5: Two Parties,7/13/2019,Erik,Saturday
Parks and Recreation: Season 5: Ron and Diane,7/13/2019,Erik,Saturday
Parks and Recreation: Season 5: Pawnee Commons,7/13/2019,Erik,Saturday
Parks and Recreation: Season 5: Leslie vs. April,7/13/2019,Erik,Saturday
Parks and Recreation: Season 5: Ben's Parents,7/13/2019,Erik,Saturday
Parks and Recreation: Season 5: Halloween Surprise,7/13/2019,Erik,Saturday
Parks and Recreation: Season 5: Sex Education,7/13/2019,Erik,Saturday
Parks and Recreation: Season 5: How a Bill Becomes a Law,7/13/2019,Erik,Saturday
Parks and Recreation: Season 5: Soda Tax,7/12/2019,Erik,Friday
Parks and Recreation: Season 5: Ms. Knope Goes to Washington,7/12/2019,Erik,Friday
"Parks and Recreation: Season 4: Win, Lose, or Draw",7/12/2019,Erik,Friday
Parks and Recreation: Season 4: Bus Tour,7/12/2019,Erik,Friday
Parks and Recreation: Season 4: The Debate,7/12/2019,Erik,Friday
Parks and Recreation: Season 4: Live Ammo,7/12/2019,Erik,Friday
Parks and Recreation: Season 4: Lucky,7/12/2019,Erik,Friday
Parks and Recreation: Season 4: Campaign Shake-Up,7/12/2019,Erik,Friday
Parks and Recreation: Season 4: Sweet Sixteen,7/12/2019,Erik,Friday
Parks and Recreation: Season 4: Dave Returns,7/12/2019,Erik,Friday
Parks and Recreation: Season 4: Operation Ann,7/12/2019,Erik,Friday
Parks and Recreation: Season 4: Bowling for Votes,7/12/2019,Erik,Friday
Parks and Recreation: Season 4: Campaign Ad,7/12/2019,Erik,Friday
Parks and Recreation: Season 4: The Comeback Kid,7/11/2019,Erik,Thursday
Parks and Recreation: Season 4: Citizen Knope,7/11/2019,Erik,Thursday
Parks and Recreation: Season 4: The Trial of Leslie Knope,7/11/2019,Erik,Thursday
Parks and Recreation: Season 4: Smallest Park,7/11/2019,Erik,Thursday
Parks and Recreation: Season 4: The Treaty,7/11/2019,Erik,Thursday
Parks and Recreation: Season 4: I'm Leslie Knope,7/11/2019,Erik,Thursday
Parks and Recreation: Season 4: End of the World,7/11/2019,Erik,Thursday
Parks and Recreation: Season 4: Meet 'n' Greet,7/11/2019,Erik,Thursday
Parks and Recreation: Season 4: Pawnee Rangers,7/11/2019,Erik,Thursday
Parks and Recreation: Season 4: Born & Raised,7/11/2019,Erik,Thursday
Parks and Recreation: Season 4: Ron and Tammys,7/11/2019,Erik,Thursday
Parks and Recreation: Season 3: Li'l Sebastian,7/11/2019,Erik,Thursday
Parks and Recreation: Season 3: The Bubble,7/11/2019,Erik,Thursday
Parks and Recreation: Season 3: Road Trip,7/10/2019,Erik,Wednesday
Parks and Recreation: Season 3: The Fight,7/10/2019,Erik,Wednesday
Parks and Recreation: Season 3: Eagleton,7/10/2019,Erik,Wednesday
Parks and Recreation: Season 3: Jerry's Painting,7/10/2019,Erik,Wednesday
Parks and Recreation: Season 3: Soulmates,7/10/2019,Erik,Wednesday
Parks and Recreation: Season 3: Andy and April's Fancy Party,7/10/2019,Erik,Wednesday
Parks and Recreation: Season 3: Camping,7/10/2019,Erik,Wednesday
Parks and Recreation: Season 3: Harvest Festival,7/10/2019,Erik,Wednesday
Parks and Recreation: Season 3: Indianapolis,7/10/2019,Erik,Wednesday
Parks and Recreation: Season 3: Media Blitz,7/10/2019,Erik,Wednesday
Parks and Recreation: Season 3: Ron and Tammy: Part II,7/10/2019,Erik,Wednesday
Parks and Recreation: Season 3: Time Capsule,7/2/2019,Erik,Tuesday
Parks and Recreation: Season 3: Flu Season,7/2/2019,Erik,Tuesday
Parks and Recreation: Season 3: Go Big or Go Home,7/2/2019,Erik,Tuesday
Spider-Man: Into the Spider-Verse,7/2/2019,Nisha,Tuesday
"Black Mirror: Season 5: Rachel, Jack and Ashley Too",6/7/2019,Nisha,Friday
One-Punch Man: Season 1: The Strongest Hero,6/5/2019,Erik,Wednesday
Sense8: Season 1: I Can’t Leave Her,5/27/2019,Nisha,Monday
Sense8: Season 1: Just Turn the Wheel and the Future Changes,5/27/2019,Nisha,Monday
Tuca & Bertie: Season 1: SweetBeak,5/15/2019,Nisha,Wednesday
Tuca & Bertie: Season 1: The Jelly Lakes,5/15/2019,Nisha,Wednesday
Tuca & Bertie: Season 1: The New Bird,5/15/2019,Nisha,Wednesday
Tuca & Bertie: Season 1: Yeast Week,5/15/2019,Nisha,Wednesday
Tuca & Bertie: Season 1: The Open House,5/15/2019,Nisha,Wednesday
Tuca & Bertie: Season 1: Plumage,5/15/2019,Nisha,Wednesday
Tuca & Bertie: Season 1: The Sex Bugs,5/12/2019,Nisha,Sunday
Tuca & Bertie: Season 1: The Deli Guy,5/12/2019,Nisha,Sunday
Tuca & Bertie: Season 1: The Promotion,5/12/2019,Nisha,Sunday
Tuca & Bertie: Season 1: The Sugar Bowl,5/12/2019,Nisha,Sunday
"Love, Death & Robots: Volume 1: THE SECRET WAR",5/10/2019,Nisha,Friday
"Love, Death & Robots: Volume 1: ALTERNATE HISTORIES",5/10/2019,Nisha,Friday
"Love, Death & Robots: Volume 1: ICE AGE",5/10/2019,Nisha,Friday
"Love, Death & Robots: Volume 1: BLINDSPOT",5/10/2019,Nisha,Friday
"Love, Death & Robots: Volume 1: ZIMA BLUE",5/10/2019,Nisha,Friday
"Love, Death & Robots: Volume 1: LUCKY 13",5/10/2019,Nisha,Friday
"Love, Death & Robots: Volume 1: FISH NIGHT",5/10/2019,Nisha,Friday
"Love, Death & Robots: Volume 1: HELPING HAND",5/10/2019,Nisha,Friday
"Love, Death & Robots: Volume 1: SHAPE-SHIFTERS",5/10/2019,Nisha,Friday
"Love, Death & Robots: Volume 1: THE DUMP",5/10/2019,Nisha,Friday
"Love, Death & Robots: Volume 1: GOOD HUNTING",5/10/2019,Nisha,Friday
"Love, Death & Robots: Volume 1: BEYOND THE AQUILA RIFT",5/10/2019,Nisha,Friday
"Love, Death & Robots: Volume 1: WHEN THE YOGURT TOOK OVER",5/10/2019,Nisha,Friday
"Love, Death & Robots: Volume 1: SUCKER OF SOULS",5/10/2019,Nisha,Friday
"Love, Death & Robots: Volume 1: SUITS",5/10/2019,Nisha,Friday
"Love, Death & Robots: Volume 1: THE WITNESS",5/10/2019,Nisha,Friday
"Love, Death & Robots: Volume 1: THREE ROBOTS",5/10/2019,Nisha,Friday
"Love, Death & Robots: Volume 1: SONNIE'S EDGE",5/10/2019,Nisha,Friday
One-Punch Man: Season 1: The Dominator of the Universe,4/26/2019,Erik,Friday
One-Punch Man: Season 1: Unparalleled Peril,4/25/2019,Erik,Thursday
Dark Tourist: Season 1: Back in the USA,4/23/2019,Nisha,Tuesday
Dark Tourist: Season 1: Africa,4/23/2019,Nisha,Tuesday
Dark Tourist: Season 1: South East Asia,4/23/2019,Nisha,Tuesday
Dark Tourist: Season 1: Europe,4/23/2019,Nisha,Tuesday
Dark Tourist: Season 1: The Stans,4/23/2019,Nisha,Tuesday
Dark Tourist: Season 1: United States,4/23/2019,Nisha,Tuesday
Dark Tourist: Season 1: Japan,4/23/2019,Nisha,Tuesday
Dark Tourist: Season 1: Latin America,4/23/2019,Nisha,Tuesday
Sex Education: Season 1: Episode 7,4/21/2019,Erik,Sunday
Sex Education: Season 1: Episode 6,4/21/2019,Erik,Sunday
Sex Education: Season 1: Episode 5,4/21/2019,Erik,Sunday
Blue Planet II: Blue Planet II: Season 1: Green Seas,4/15/2019,Both,Monday
The Blue Planet: A Natural History of the Oceans: Season 1: Ocean World,4/12/2019,Both,Friday
Our Planet: Season 1: One Planet,4/9/2019,Both,Tuesday
Black Mirror: Season 4: Hang the DJ,4/8/2019,Nisha,Monday
Black Mirror: Season 4: Arkangel,4/8/2019,Nisha,Monday
Indiana Jones and the Temple of Doom,4/7/2019,Nisha,Sunday
Indiana Jones and the Kingdom of the Crystal Skull,4/5/2019,Nisha,Friday
Indiana Jones and the Last Crusade,4/4/2019,Nisha,Thursday
Indiana Jones and the Raiders of the Lost Ark,4/4/2019,Nisha,Thursday
One-Punch Man: Season 1: The Obsessive Scientist,4/4/2019,Erik,Thursday
The Disastrous Life of Saiki K.: Season 3: Episode 2,4/3/2019,Nisha,Wednesday
The Disastrous Life of Saiki K.: Season 3: Episode 1,4/3/2019,Nisha,Wednesday
The Disastrous Life of Saiki K.: Season 2: Episode 24,4/3/2019,Nisha,Wednesday
The Disastrous Life of Saiki K.: Season 2: Episode 23,4/3/2019,Nisha,Wednesday
The Disastrous Life of Saiki K.: Season 2: Episode 22,4/3/2019,Nisha,Wednesday
The Disastrous Life of Saiki K.: Season 2: Episode 21,4/3/2019,Nisha,Wednesday
The Disastrous Life of Saiki K.: Season 2: Episode 20,4/3/2019,Nisha,Wednesday
The Disastrous Life of Saiki K.: Season 2: Episode 19,4/3/2019,Nisha,Wednesday
The Disastrous Life of Saiki K.: Season 2: Episode 18,4/3/2019,Nisha,Wednesday
The Disastrous Life of Saiki K.: Season 2: Episode 17,4/3/2019,Nisha,Wednesday
The Disastrous Life of Saiki K.: Season 2: Episode 16,4/3/2019,Nisha,Wednesday
The Disastrous Life of Saiki K.: Season 2: Episode 15,4/3/2019,Nisha,Wednesday
The Disastrous Life of Saiki K.: Season 2: Episode 14,4/3/2019,Nisha,Wednesday
The Disastrous Life of Saiki K.: Season 2: Episode 13,4/3/2019,Nisha,Wednesday
The Disastrous Life of Saiki K.: Season 2: Episode 12,4/3/2019,Nisha,Wednesday
The Disastrous Life of Saiki K.: Season 2: Episode 11,4/3/2019,Nisha,Wednesday
The Disastrous Life of Saiki K.: Season 2: Episode 10,4/2/2019,Nisha,Tuesday
The Disastrous Life of Saiki K.: Season 2: Episode 9,4/2/2019,Nisha,Tuesday
One-Punch Man: Season 1: The Lone Cyborg,4/2/2019,Erik,Tuesday
One-Punch Man: Season 1: The Strongest Man,4/2/2019,Erik,Tuesday
The Disastrous Life of Saiki K.: Season 2: Episode 8,4/2/2019,Nisha,Tuesday
The Disastrous Life of Saiki K.: Season 2: Episode 7,4/2/2019,Nisha,Tuesday
The Disastrous Life of Saiki K.: Season 2: Episode 6,4/2/2019,Nisha,Tuesday
The Disastrous Life of Saiki K.: Season 2: Episode 5,4/2/2019,Nisha,Tuesday
The Disastrous Life of Saiki K.: Season 2: Episode 4,4/2/2019,Nisha,Tuesday
The Disastrous Life of Saiki K.: Season 2: Episode 3,4/2/2019,Nisha,Tuesday
The Disastrous Life of Saiki K.: Season 2: Episode 2,4/2/2019,Nisha,Tuesday
The Disastrous Life of Saiki K.: Season 2: Episode 1,4/2/2019,Nisha,Tuesday
The Disastrous Life of Saiki K.: Season 1: Episode 24,4/2/2019,Nisha,Tuesday
The Disastrous Life of Saiki K.: Season 1: Episode 23,4/1/2019,Nisha,Monday
The Disastrous Life of Saiki K.: Season 1: Episode 22,4/1/2019,Nisha,Monday
The Disastrous Life of Saiki K.: Season 1: Episode 12,4/1/2019,Nisha,Monday
The Disastrous Life of Saiki K.: Season 1: Episode 21,4/1/2019,Nisha,Monday
The Disastrous Life of Saiki K.: Season 1: Episode 20,4/1/2019,Nisha,Monday
The Disastrous Life of Saiki K.: Season 1: Episode 19,4/1/2019,Nisha,Monday
The Disastrous Life of Saiki K.: Season 1: Episode 18,4/1/2019,Nisha,Monday
The Disastrous Life of Saiki K.: Season 1: Episode 17,4/1/2019,Nisha,Monday
The Disastrous Life of Saiki K.: Season 1: Episode 16,4/1/2019,Nisha,Monday
The Disastrous Life of Saiki K.: Season 1: Episode 15,4/1/2019,Nisha,Monday
The Disastrous Life of Saiki K.: Season 1: Episode 14,4/1/2019,Nisha,Monday
The Disastrous Life of Saiki K.: Season 1: Episode 13,4/1/2019,Nisha,Monday
The Disastrous Life of Saiki K.: Season 1: Episode 11,3/31/2019,Nisha,Sunday
The Disastrous Life of Saiki K.: Season 1: Episode 10,3/31/2019,Nisha,Sunday
The Disastrous Life of Saiki K.: Season 1: Episode 1,3/31/2019,Nisha,Sunday
Fullmetal Alchemist: Brotherhood: Part 5: Journey's End,3/22/2019,Both,Friday
Fullmetal Alchemist: Brotherhood: Part 5: The Other Side of the Gateway,3/22/2019,Both,Friday
Fullmetal Alchemist: Brotherhood: Part 5: A Fierce Counterattack,3/22/2019,Both,Friday
Fullmetal Alchemist: Brotherhood: Part 5: He Who Would Swallow God,3/22/2019,Both,Friday
"Fullmetal Alchemist: Brotherhood: Part 5: Eye of Heaven, Gateway of Earth",3/20/2019,Both,Wednesday
Fullmetal Alchemist: Brotherhood: Part 5: Lost Light,3/20/2019,Both,Wednesday
Fullmetal Alchemist: Brotherhood: Part 5: Sacrifices,3/20/2019,Both,Wednesday
Fullmetal Alchemist: Brotherhood: Part 5: Eternal Leave,3/20/2019,Both,Wednesday
Fullmetal Alchemist: Brotherhood: Part 5: The Return of the Fuhrer,3/19/2019,Both,Tuesday
BoJack Horseman Christmas Special: Sabrina's Christmas Wish,3/19/2019,Nisha,Tuesday
Fullmetal Alchemist: Brotherhood: Part 5: The Adults' Way of Life,3/18/2019,Both,Monday
Fullmetal Alchemist: Brotherhood: Part 5: Beyond the Inferno,3/18/2019,Both,Monday
Fullmetal Alchemist: Brotherhood: Part 5: Flame of Vengeance,3/18/2019,Both,Monday
Behind the Curve,3/18/2019,Erik,Monday
BoJack Horseman: Season 3: That Went Well,3/16/2019,Nisha,Saturday
"BoJack Horseman: Season 3: That's Too Much, Man!",3/16/2019,Nisha,Saturday
BoJack Horseman: Season 3: It's You,3/16/2019,Nisha,Saturday
BoJack Horseman: Season 3: Best Thing That Ever Happened,3/16/2019,Nisha,Saturday
BoJack Horseman: Season 3: Old Acquaintance,3/16/2019,Nisha,Saturday
BoJack Horseman: Season 3: Stop the Presses,3/16/2019,Nisha,Saturday
BoJack Horseman: Season 3: Brrap Brrap Pew Pew,3/16/2019,Nisha,Saturday
BoJack Horseman: Season 3: Love And/Or Marriage,3/16/2019,Nisha,Saturday
BoJack Horseman: Season 3: Fish Out Of Water,3/16/2019,Nisha,Saturday
BoJack Horseman: Season 3: BoJack Kills,3/16/2019,Nisha,Saturday
BoJack Horseman: Season 3: The BoJack Horseman Show,3/16/2019,Nisha,Saturday
BoJack Horseman: Season 3: Start Spreading the News,3/16/2019,Nisha,Saturday
BoJack Horseman: Season 2: Out to Sea,3/16/2019,Nisha,Saturday
Shrek the Musical,3/15/2019,Erik,Friday
Shaolin Soccer,3/15/2019,Erik,Friday
BoJack Horseman: Season 2: Escape from L.A.,3/15/2019,Nisha,Friday
BoJack Horseman: Season 2: Yes And,3/15/2019,Nisha,Friday
BoJack Horseman: Season 2: The Shot,3/15/2019,Nisha,Friday
Fullmetal Alchemist: Brotherhood: Part 4: Combined Strength,3/15/2019,Both,Friday
Fullmetal Alchemist: Brotherhood: Part 4: The Immortal Legion,3/15/2019,Both,Friday
Fullmetal Alchemist: Brotherhood: Part 4: Upheaval in Central,3/15/2019,Both,Friday
BoJack Horseman: Season 2: Let's Find Out,3/14/2019,Nisha,Thursday
BoJack Horseman: Season 2: Hank After Dark,3/14/2019,Nisha,Thursday
BoJack Horseman: Season 2: Higher Love,3/14/2019,Nisha,Thursday
BoJack Horseman: Season 2: Chickens,3/14/2019,Nisha,Thursday
BoJack Horseman: Season 2: After the Party,3/14/2019,Nisha,Thursday
BoJack Horseman: Season 2: Still Broken,3/14/2019,Nisha,Thursday
BoJack Horseman: Season 2: Yesterdayland,3/14/2019,Nisha,Thursday
BoJack Horseman: Season 2: Brand New Couch,3/14/2019,Nisha,Thursday
BoJack Horseman: Season 1: Later,3/14/2019,Nisha,Thursday
BoJack Horseman: Season 1: Downer Ending,3/14/2019,Nisha,Thursday
BoJack Horseman: Season 1: One Trick Pony,3/14/2019,Nisha,Thursday
BoJack Horseman: Season 1: Horse Majeure,3/14/2019,Nisha,Thursday
BoJack Horseman: Season 1: The Telescope,3/14/2019,Nisha,Thursday
BoJack Horseman: Season 1: Say Anything,3/14/2019,Nisha,Thursday
BoJack Horseman: Season 1: Our A-Story Is a 'D' Story,3/14/2019,Nisha,Thursday
"BoJack Horseman: Season 1: Live Fast, Diane Nguyen",3/14/2019,Nisha,Thursday
BoJack Horseman: Season 1: Zoës and Zeldas,3/14/2019,Nisha,Thursday
BoJack Horseman: Season 1: Prickly-Muffin,3/14/2019,Nisha,Thursday
BoJack Horseman: Season 1: BoJack Hates the Troops,3/13/2019,Nisha,Wednesday
"BoJack Horseman: Season 1: BoJack Horseman: The BoJack Horseman Story, Chapter One",3/13/2019,Nisha,Wednesday
Castlevania: Season 1: Witchbottle,3/13/2019,Nisha,Wednesday
Berserk: The Golden Age Arc III - The Advent,3/13/2019,Nisha,Wednesday
Fullmetal Alchemist: Brotherhood: Part 4: Filial Affection,3/13/2019,Both,Wednesday
Fullmetal Alchemist: Brotherhood: Part 4: The Oath in the Tunnel,3/13/2019,Both,Wednesday
Fullmetal Alchemist: Brotherhood: Part 4: Emissary of Darkness,3/13/2019,Both,Wednesday
Berserk: The Golden Age Arc II - The Battle for Doldrey,3/10/2019,Nisha,Sunday
Berserk: The Golden Age Arc I - The Egg of the King,3/10/2019,Nisha,Sunday
Fullmetal Alchemist: Brotherhood: Part 4: Looming Shadows,3/10/2019,Both,Sunday
Fullmetal Alchemist: Brotherhood: Part 4: The Promised Day,3/9/2019,Both,Saturday
Fullmetal Alchemist: Brotherhood: Part 4: Revving at Full-throttle,3/9/2019,Both,Saturday
Total Drama: Pahkitew Island: Twinning Isn't Everything,3/8/2019,Erik,Friday
"Total Drama: Pahkitew Island: I Love You, Grease Pig!",3/8/2019,Erik,Friday
"Total Drama: Pahkitew Island: So, Uh This Is My Team?",3/8/2019,Erik,Friday
Fullmetal Alchemist: Brotherhood: Part 4: Bite of the Ant,3/8/2019,Both,Friday
Fullmetal Alchemist: Brotherhood: Part 4: Signs of a Counter Offensive,3/8/2019,Both,Friday
Fullmetal Alchemist: Brotherhood: Part 4: The Abyss,3/7/2019,Both,Thursday
Fullmetal Alchemist: Brotherhood: Part 4: The Dwarf in the Flask,3/7/2019,Both,Thursday
Fullmetal Alchemist: Brotherhood: Part 3: Daydream,3/6/2019,Both,Wednesday
Fullmetal Alchemist: Brotherhood: Part 3: Conflict at Baschool,3/5/2019,Both,Tuesday
Fullmetal Alchemist: Brotherhood: Part 3: The First Homunculus,3/4/2019,Both,Monday
Fullmetal Alchemist: Brotherhood: Part 3: Family Portrait,3/4/2019,Both,Monday
Fullmetal Alchemist: Brotherhood: Part 3: The Shape of This Country,3/3/2019,Both,Sunday
Fullmetal Alchemist: Brotherhood: Part 3: Ice Queen,3/3/2019,Both,Sunday
Fullmetal Alchemist: Brotherhood: Part 3: The Northern Wall of Briggs,3/3/2019,Both,Sunday
Fullmetal Alchemist: Brotherhood: Part 3: The Fuhrer's Son,3/3/2019,Both,Sunday
Fullmetal Alchemist: Brotherhood: Part 3: The 520 Cens Promise,3/3/2019,Both,Sunday
Fullmetal Alchemist: Brotherhood: Part 3: The Ishvalan War of Extermination,3/2/2019,Both,Saturday
Fullmetal Alchemist: Brotherhood: Part 3: Struggle of the Fool,3/2/2019,Both,Saturday
Fullmetal Alchemist: Brotherhood: Part 3: Father,2/28/2019,Both,Thursday
Fullmetal Alchemist: Brotherhood: Part 3: Interlude Party,2/28/2019,Both,Thursday
Fullmetal Alchemist: Brotherhood: Part 2: Reunion,2/27/2019,Both,Wednesday
Fullmetal Alchemist: Brotherhood: Part 2: Doorway of Darkness,2/27/2019,Both,Wednesday
Fullmetal Alchemist: Brotherhood: Part 2: Inside the Belly,2/27/2019,Both,Wednesday
Fullmetal Alchemist: Brotherhood: Part 2: Girl on the Battlefield,2/26/2019,Both,Tuesday
Fullmetal Alchemist: Brotherhood: Part 2: Backs in the Distance,2/26/2019,Both,Tuesday
Fullmetal Alchemist: Brotherhood: Part 2: Advance of the Fool,2/26/2019,Both,Tuesday
Fullmetal Alchemist: Brotherhood: Part 2: Father Before the Grave,2/24/2019,Both,Sunday
Fullmetal Alchemist: Brotherhood: Part 2: Death of the Undying,2/24/2019,Both,Sunday
Fullmetal Alchemist: Brotherhood: Part 2: The Arrogant Palm of a Small Human,2/23/2019,Both,Saturday
Fullmetal Alchemist: Brotherhood: Part 2: Cold Flame,2/23/2019,Both,Saturday
Fullmetal Alchemist: Season 1: Those Who Challenge the Sun,2/23/2019,Both,Saturday
Fullmetal Alchemist: Brotherhood: Part 2: Footsteps of a Comrade-in-Arms,2/23/2019,Both,Saturday
Fullmetal Alchemist: Brotherhood: Part 2: Envoy from the East,2/22/2019,Both,Friday
Fullmetal Alchemist: Brotherhood: Part 2: Those Who Lurk Underground,2/22/2019,Both,Friday
Fullmetal Alchemist: Brotherhood: Part 1: Beasts of Dublith,2/22/2019,Both,Friday
"Fullmetal Alchemist: Brotherhood: Part 1: One is All, All is One",2/22/2019,Both,Friday
Fullmetal Alchemist: Brotherhood: Part 1: Miracle at Rush Valley,2/21/2019,Both,Thursday
Fullmetal Alchemist: Brotherhood: Part 1: Separate Destinations,2/21/2019,Both,Thursday
Fullmetal Alchemist: Brotherhood: Part 1: Created Feelings,2/18/2019,Both,Monday
Paradise PD: Part 1: Christmas in Paradise,2/18/2019,Erik,Monday
Paradise PD: Part 1: Parent Trap,2/18/2019,Erik,Monday
Fullmetal Alchemist: Brotherhood: Part 1: The Fifth Laboratory,2/18/2019,Both,Monday
Fullmetal Alchemist: Brotherhood: Part 1: Hidden Truths,2/18/2019,Both,Monday
Fullmetal Alchemist: Brotherhood: Part 1: Road of Hope,2/17/2019,Both,Sunday
Fullmetal Alchemist: Brotherhood: Part 1: Rain of Sorrows,2/17/2019,Both,Sunday
Fullmetal Alchemist: Brotherhood: Part 1: An Alchemist's Anguish,2/17/2019,Both,Sunday
Fullmetal Alchemist: Brotherhood: Part 1: City of Heresy,2/17/2019,Both,Sunday
Fullmetal Alchemist: Brotherhood: Part 1: The First Day,2/16/2019,Both,Saturday
Paradise PD: Part 1: Task Force,2/15/2019,Erik,Friday
Paradise PD: Part 1: Police Academy,2/15/2019,Erik,Friday
Fullmetal Alchemist: Brotherhood: Part 1: Fullmetal Alchemist,2/13/2019,Both,Wednesday
Paradise PD: Part 1: Meet the Jabowskis,2/11/2019,Erik,Monday
Paradise PD: Part 1: Dungeons & Dragnet,2/11/2019,Erik,Monday
Paradise PD: Part 1: Karla,2/11/2019,Erik,Monday
Paradise PD: Part 1: Black & Blue,2/10/2019,Erik,Sunday
Paradise PD: Part 1: Ass on the Line,2/9/2019,Erik,Saturday
Paradise PD: Part 1: Welcome to Paradise,2/9/2019,Erik,Saturday
Big Mouth: Season 3: My Furry Valentine,2/8/2019,Both,Friday
Monty Python and the Holy Grail,2/8/2019,Both,Friday
Tidying Up with Marie Kondo: Season 1: Making Room for Baby,2/4/2019,Nisha,Monday
Tidying Up with Marie Kondo: Season 1: Breaking Free from a Mountain of Stuff,2/3/2019,Nisha,Sunday
Tidying Up with Marie Kondo: Season 1: Sparking Joy After a Loss,2/3/2019,Nisha,Sunday
Tidying Up with Marie Kondo: Season 1: Tidying With Toddlers,2/2/2019,Nisha,Saturday
Tidying Up with Marie Kondo: Season 1: The Downsizers,2/2/2019,Nisha,Saturday
Tidying Up with Marie Kondo: Season 1: Empty Nesters,2/2/2019,Nisha,Saturday
Blue Planet II: Blue Planet II: Season 1: Big Blue,1/25/2019,Both,Friday
The Final Table: Season 1: Mexico,1/21/2019,Both,Monday
Shameless (U.S.): Season 2: I'll Light a Candle For You Every Day,1/21/2019,Both,Monday
Shameless (U.S.): Season 2: Summer Loving,1/17/2019,Both,Thursday
Sebastian Maniscalco: Stay Hungry,1/16/2019,Nisha,Wednesday
Shameless (U.S.): Season 2: Summertime,1/15/2019,Both,Tuesday
"Shameless (U.S.): Season 1: Father Frank, Full of Grace",1/12/2019,Both,Saturday
Shameless (U.S.): Season 1: Daddyz Girl,1/12/2019,Both,Saturday
Shameless (U.S.): Season 1: Nana Gallagher Had An Affair,1/12/2019,Both,Saturday
Explained: Season 1: The Female Orgasm,1/11/2019,Erik,Friday
Explained: Season 1: Music,1/11/2019,Erik,Friday
Shameless (U.S.): Season 1: But at Last Came a Knock,1/10/2019,Both,Thursday
Shameless (U.S.): Season 1: It's Time To Kill the Turtle,1/7/2019,Both,Monday
"Shameless (U.S.): Season 1: Frank Gallagher: Loving Husband, Devoted Father",1/7/2019,Both,Monday
Shameless (U.S.): Season 1: Killer Carl,1/5/2019,Both,Saturday
Shameless (U.S.): Season 1: Three Boys,1/5/2019,Both,Saturday
Shameless (U.S.): Season 1: Casey Casden,1/5/2019,Both,Saturday
Black Mirror: Season 4: USS Callister,1/4/2019,Both,Friday
Black Mirror: Bandersnatch,1/4/2019,Both,Friday
Shameless (U.S.): Season 1: Aunt Ginger,1/4/2019,Both,Friday
Shameless (U.S.): Season 1: Frank the Plank,1/3/2019,Both,Thursday
Nature's Great Events (2009): Series 1: The Great Feast,1/3/2019,Nisha,Thursday
Bird Box,1/2/2019,Erik,Wednesday
Shameless (U.S.): Season 1: Pilot,1/2/2019,Both,Wednesday
Shameless (U.S.): Season 7: Hiraeth,1/2/2019,Both,Wednesday
John Mulaney: Kid Gorgeous at Radio City,1/1/2019,Erik,Tuesday
I AM A KILLER: Season 1: Means to an End,1/1/2019,Erik,Tuesday
Money Heist: Part 1: Episode 1,1/1/2019,Erik,Tuesday
Explained: Season 1: Political Correctness,12/29/2018,Erik,Saturday
Explained: Season 1: The Racial Wealth Gap,12/27/2018,Erik,Thursday
Explained: Season 1: Designer DNA,12/27/2018,Erik,Thursday
Explained: Season 1: Monogamy,12/27/2018,Erik,Thursday
Explained: Season 1: K-Pop,12/27/2018,Erik,Thursday
Idiotest: Idiotest: Season 1: Twin Brothers vs. Best Friends,12/26/2018,Erik,Wednesday
Explained: Season 1: Cryptocurrency,12/26/2018,Erik,Wednesday
Explained: Season 1: Why Diets Fail,12/26/2018,Erik,Wednesday
Explained: Season 1: The Stock Market,12/26/2018,Erik,Wednesday
Explained: Season 1: eSports,12/26/2018,Erik,Wednesday
Explained: Season 1: Extraterrestrial Life,12/26/2018,Erik,Wednesday
Explained: Season 1: !,12/26/2018,Erik,Wednesday
Explained: Season 1: Cricket,12/26/2018,Erik,Wednesday
Nature's Great Events (2009): Series 1: The Great Flood,12/26/2018,Nisha,Wednesday
Nature's Great Events (2009): Series 1: The Great Tide,12/26/2018,Nisha,Wednesday
Explained: Season 1: Weed,12/26/2018,Erik,Wednesday
Explained: Season 1: Tattoo,12/26/2018,Erik,Wednesday
Explained: Season 1: Astrology,12/26/2018,Erik,Wednesday
Explained: Season 1: Can We Live Forever?,12/25/2018,Erik,Tuesday
Explained: Season 1: Why Women Are Paid Less,12/25/2018,Erik,Tuesday
Explained: Season 1: The World's Water Crisis,12/25/2018,Erik,Tuesday
Jeopardy!: Battle of the Decades: Finals Game 2,12/24/2018,Nisha,Monday
Jeopardy!: Battle of the Decades: Finals Game 1,12/24/2018,Nisha,Monday
Nature's Great Events (2009): Series 1: The Great Migration,12/24/2018,Nisha,Monday
Nature's Great Events (2009): Series 1: The Great Salmon Run,12/24/2018,Nisha,Monday
Nature's Great Events (2009): Series 1: The Great Melt,12/24/2018,Nisha,Monday
Jeopardy!: Battle of the Decades: Semifinal Game 2,12/24/2018,Nisha,Monday
Jeopardy!: Battle of the Decades: Semifinal Game 1,12/24/2018,Nisha,Monday
Jeopardy!: Battle of the Decades: Quarterfinal Game 5,12/24/2018,Nisha,Monday
Jeopardy!: Battle of the Decades: Quarterfinal Game 4,12/24/2018,Nisha,Monday
Jeopardy!: Battle of the Decades: Quarterfinal Game 3,12/23/2018,Nisha,Sunday
Jeopardy!: Battle of the Decades: Quarterfinal Game 2,12/23/2018,Nisha,Sunday
Jeopardy!: Battle of the Decades: Quarterfinal Game 1,12/23/2018,Nisha,Sunday
Jeopardy!: Battle of the Decades: 00s Week: Game 5,12/23/2018,Nisha,Sunday
Jeopardy!: Battle of the Decades: 00s Week: Game 4,12/23/2018,Nisha,Sunday
Jeopardy!: Battle of the Decades: 00s Week: Game 2,12/23/2018,Nisha,Sunday
Jeopardy!: Battle of the Decades: 00s Week: Game 1,12/23/2018,Nisha,Sunday
Jeopardy!: Battle of the Decades: 90s Week: Game 5,12/23/2018,Nisha,Sunday
Jeopardy!: Battle of the Decades: 90s Week: Game 4,12/23/2018,Nisha,Sunday
Jeopardy!: Battle of the Decades: 90s Week: Game 3,12/23/2018,Nisha,Sunday
Jeopardy!: Battle of the Decades: 90s Week: Game 2,12/23/2018,Nisha,Sunday
Jeopardy!: Battle of the Decades: 90s Week: Game 1,12/23/2018,Nisha,Sunday
Jeopardy!: Battle of the Decades: 80s Week: Game 5,12/23/2018,Nisha,Sunday
Jeopardy!: Battle of the Decades: 80s Week: Game 4,12/22/2018,Nisha,Saturday
Jeopardy!: Battle of the Decades: 80s Week: Game 3,12/22/2018,Nisha,Saturday
Jeopardy!: Battle of the Decades: 80s Week: Game 2,12/22/2018,Nisha,Saturday
Jeopardy!: Battle of the Decades: 80s Week: Game 1,12/22/2018,Nisha,Saturday
Jeopardy!: Tournament of Champions: Season 31: Finals Game 2,12/22/2018,Nisha,Saturday
Jeopardy!: Tournament of Champions: Season 31: Finals Game 1,12/22/2018,Nisha,Saturday
Jeopardy!: Tournament of Champions: Season 31: Semifinal Game 3,12/22/2018,Nisha,Saturday
Jeopardy!: Tournament of Champions: Season 31: Semifinal Game 2,12/22/2018,Nisha,Saturday
Jeopardy!: Tournament of Champions: Season 31: Semifinal Game 1,12/22/2018,Nisha,Saturday
Jeopardy!: Tournament of Champions: Season 31: Quarterfinal Game 5,12/22/2018,Nisha,Saturday
Jeopardy!: Tournament of Champions: Season 31: Quarterfinal Game 4,12/22/2018,Nisha,Saturday
Jeopardy!: Tournament of Champions: Season 29: Quarterfinal Game 1,12/22/2018,Nisha,Saturday
Jeopardy!: Tournament of Champions: Season 31: Quarterfinal Game 3,12/22/2018,Nisha,Saturday
Jeopardy!: Tournament of Champions: Season 31: Quarterfinal Game 2,12/22/2018,Nisha,Saturday
Jeopardy!: Tournament of Champions: Season 31: Quarterfinal Game 1,12/22/2018,Nisha,Saturday
The Ranch: Part 3: Can't Be Really Gone,12/22/2018,Erik,Saturday
The Ranch: Part 3: Last Dollar (Fly Away),12/21/2018,Erik,Friday
The Ranch: Part 3: I Didn't Ask and She Didn't Say,12/21/2018,Erik,Friday
The Ranch: Part 3: One of Those Nights,12/21/2018,Erik,Friday
The Ranch: Part 3: Find Out Who Your Friends Are,12/21/2018,Erik,Friday
The Ranch: Part 3: My Best Friend,12/21/2018,Erik,Friday
The Ranch: Part 3: She'll Have You Back,12/21/2018,Erik,Friday
The Ranch: Part 3: Take Me Away from Here,12/21/2018,Erik,Friday
Blue Planet II: Blue Planet II: Season 1: Coral Reefs,12/21/2018,Both,Friday
Jeopardy!: Tournament of Champions: Season 29: Finals Game 2,12/21/2018,Nisha,Friday
Jeopardy!: Tournament of Champions: Season 29: Finals Game 1,12/20/2018,Nisha,Thursday
Jeopardy!: Tournament of Champions: Season 29: Semifinal Game 3,12/20/2018,Nisha,Thursday
Jeopardy!: Tournament of Champions: Season 29: Semifinal Game 2,12/20/2018,Nisha,Thursday
Jeopardy!: Tournament of Champions: Season 29: Semifinal Game 1,12/20/2018,Nisha,Thursday
Jeopardy!: Tournament of Champions: Season 29: Quarterfinal Game 5,12/20/2018,Nisha,Thursday
Jeopardy!: Tournament of Champions: Season 29: Quarterfinal Game 4,12/20/2018,Nisha,Thursday
Jeopardy!: Tournament of Champions: Season 29: Quarterfinal Game 3,12/20/2018,Nisha,Thursday
Jeopardy!: Tournament of Champions: Season 29: Quarterfinal Game 2,12/19/2018,Nisha,Wednesday
The Hunt: Season 1: Special: Making of The Hunt,12/18/2018,Both,Tuesday
The Hunt: Season 1: Living with Predators,12/18/2018,Both,Tuesday
The Hunt: Season 1: Race Against Time,12/18/2018,Both,Tuesday
The Hunt: Season 1: Nowhere to Hide,12/18/2018,Both,Tuesday
F is for Family: Season 3: Bill Murphy's Night Off,12/18/2018,Erik,Tuesday
F is for Family: Season 3: Frank the Father,12/18/2018,Erik,Tuesday
F is for Family: Season 3: It's In His Blood,12/18/2018,Erik,Tuesday
The Hunt: Season 1: Hunger at Sea,12/17/2018,Both,Monday
F is for Family: Season 3: Summer Vacation,12/17/2018,Erik,Monday
F is for Family: Season 3: Punch Drunk,12/17/2018,Erik,Monday
The Hunt: Season 1: Hide and Seek,12/17/2018,Both,Monday
The Hunt: Season 1: In the Grip of the Seasons,12/17/2018,Both,Monday
The Hunt: Season 1: The Hardest Challenge,12/17/2018,Both,Monday
F is for Family: Season 3: Battle of the Sexes,12/17/2018,Erik,Monday
F is for Family: Season 3: Mr. Murphy's Wild Ride,12/17/2018,Erik,Monday
Blue Planet II: Blue Planet II: Season 1: The Deep,12/16/2018,Both,Sunday
Blue Planet II: Blue Planet II: Season 1: One Ocean,12/15/2018,Both,Saturday
F is for Family: Season 3: The Stinger,12/15/2018,Erik,Saturday
F is for Family: Season 3: Paul Lynde to Block,12/14/2018,Erik,Friday
F is for Family: Season 3: Are You Ready for the Summer?,12/13/2018,Erik,Thursday
F is for Family: Season 1: The Bleedin’ in Sweden,12/13/2018,Erik,Thursday
The Emperor's New Groove,12/5/2018,Both,Wednesday
Lilo & Stitch 2: Stitch Has A Glitch,11/30/2018,Both,Friday
Bolt,11/24/2018,Both,Saturday
Mulan,11/21/2018,Both,Wednesday
Lilo & Stitch,11/20/2018,Both,Tuesday
"Disenchantment: Part 1: A Princess, an Elf, and a Demon Walk Into a Bar",11/8/2018,Both,Thursday
The Haunting of Hill House: Silence Lay Steadily,11/6/2018,Both,Tuesday
The Haunting of Hill House: Screaming Meemies,11/5/2018,Both,Monday
The Haunting of Hill House: Witness Marks,11/4/2018,Both,Sunday
The Haunting of Hill House: Eulogy,11/4/2018,Both,Sunday
The Haunting of Hill House: Two Storms,11/2/2018,Both,Friday
The Haunting of Hill House: The Bent-Neck Lady,10/26/2018,Both,Friday
The Haunting of Hill House: The Twin Thing,10/26/2018,Both,Friday
The Haunting of Hill House: Touch,10/24/2018,Both,Wednesday
ADAM SANDLER 100% FRESH,10/23/2018,Erik,Tuesday
The Haunting of Hill House: Open Casket,10/23/2018,Both,Tuesday
The Haunting of Hill House: Steven Sees a Ghost,10/22/2018,Both,Monday
The Blue Planet: A Natural History of the Oceans: Season 1: Coasts,10/22/2018,Both,Monday
The Blue Planet: A Natural History of the Oceans: Season 1: Tidal Seas,10/20/2018,Both,Saturday
Planet Earth: Season 1: Caves,10/13/2018,Both,Saturday
Planet Earth: Season 1: From Pole to Pole,10/13/2018,Both,Saturday
The Blue Planet: A Natural History of the Oceans: Season 1: Coral Seas,10/12/2018,Both,Friday
The Blue Planet: A Natural History of the Oceans: Season 1: Seasonal Seas,10/10/2018,Both,Wednesday
The Blue Planet: A Natural History of the Oceans: Season 1: Frozen Seas,10/9/2018,Both,Tuesday
The Blue Planet: A Natural History of the Oceans: Season 1: Open Ocean,10/9/2018,Both,Tuesday
Big Mouth: Season 2: The Department of Puberty,10/9/2018,Both,Tuesday
Big Mouth: Season 2: Smooch or Share,10/8/2018,Both,Monday
The Blue Planet: A Natural History of the Oceans: Season 1: The Deep,10/8/2018,Both,Monday
The Emoji Movie,10/7/2018,Erik,Sunday
Mary and The Witch's Flower,10/7/2018,Both,Sunday
Big Mouth: Season 2: Dark Side of the Boob,10/7/2018,Both,Sunday
Big Mouth: Season 2: Guy Town,10/7/2018,Both,Sunday
Big Mouth: Season 2: Drug Buddies,10/7/2018,Both,Sunday
Big Mouth: Season 2: The Planned Parenthood Show,10/6/2018,Both,Saturday
Big Mouth: Season 2: Steve the Virgin,10/6/2018,Both,Saturday
Big Mouth: Season 2: The Shame Wizard,10/6/2018,Both,Saturday
Big Mouth: Season 2: What Is It About Boobs?,10/5/2018,Both,Friday
Big Mouth: Season 2: Am I Normal?,10/5/2018,Both,Friday
Big Mouth: Season 1: Ejaculation,10/5/2018,Both,Friday
The Dragon Prince: Season 1: Echoes of Thunder,10/5/2018,Both,Friday
Bo Burnham: Make Happy,7/24/2018,Both,Tuesday
Jim Jefferies: This Is Me Now,7/17/2018,Erik,Tuesday
Evil Genius: the True Story of America's Most Diabolical Bank Heist: Season 1: Part 4: The Confessions,7/10/2018,Erik,Tuesday
Evil Genius: the True Story of America's Most Diabolical Bank Heist: Season 1: Part 3: The Suspects,7/10/2018,Erik,Tuesday
Evil Genius: the True Story of America's Most Diabolical Bank Heist: Season 1: Part 2: The Frozen Body,7/10/2018,Erik,Tuesday
Evil Genius: the True Story of America's Most Diabolical Bank Heist: Season 1: Part 1: The Heist,7/7/2018,Erik,Saturday
Portlandia: Season 3: Missionaries,6/25/2018,Erik,Monday
Portlandia: Season 3: Take Back MTV,6/25/2018,Erik,Monday
Portlandia: Season 3: Winter in Portlandia,6/25/2018,Erik,Monday
Portlandia: Season 2: Mixologist,6/25/2018,Erik,Monday
Portlandia: Season 1: Farm,6/25/2018,Erik,Monday
The Staircase: Season 1: Crime or Accident?,6/25/2018,Erik,Monday
My Next Guest Needs No Introduction With David Letterman: Season 1: Malala Yousafzai,5/31/2018,Erik,Thursday
V for Vendetta,5/31/2018,Erik,Thursday
Tom Segura: Disgraceful,5/30/2018,Erik,Wednesday
Dead Poets Society,5/29/2018,Erik,Tuesday
The Godfather,5/20/2018,Both,Sunday
Kill Bill: Vol. 1,5/18/2018,Both,Friday
The Secret Life of Pets,5/16/2018,Both,Wednesday
The Adventures of Tintin,5/15/2018,Both,Tuesday
9,5/14/2018,Both,Monday
Kubo and the Two Strings,5/13/2018,Both,Sunday
Chris Rock: Tamborine,5/13/2018,Erik,Sunday
Kevin James: Never Don't Give Up,5/13/2018,Erik,Sunday
Despicable Me 3,5/12/2018,Erik,Saturday
My Next Guest Needs No Introduction With David Letterman: Season 1: Tina Fey,5/11/2018,Erik,Friday
Doctor Strange,5/11/2018,Erik,Friday
Louis C.K. 2017,4/6/2018,Erik,Friday
Louis C.K.: Live at the Comedy Store,4/5/2018,Erik,Thursday
Louis C.K.: Hilarious,4/5/2018,Erik,Thursday
Jim Jefferies: Freedumb,4/5/2018,Erik,Thursday
John Mulaney: The Comeback Kid,3/15/2018,Erik,Thursday
Jeff Dunham: Relative Disaster,3/14/2018,Erik,Wednesday
Altered Carbon: Season 1: Man with My Face,2/15/2018,Erik,Thursday
Altered Carbon: Season 1: The Wrong Man,2/15/2018,Erik,Thursday
Altered Carbon: Season 1: Out of the Past,2/15/2018,Erik,Thursday
My Next Guest Needs No Introduction With David Letterman: Season 1: George Clooney,2/12/2018,Erik,Monday
Exam,1/30/2018,Erik,Tuesday
Acts of Vengeance,1/30/2018,Erik,Tuesday
Law & Order: Special Victims Unit: The Seventeenth Year: Transgender Bridge,1/30/2018,Erik,Tuesday
The Little Prince,1/30/2018,Both,Tuesday
Peaky Blinders: Season 4: The Company,1/28/2018,Both,Sunday
Peaky Blinders: Season 4: The Duel,1/28/2018,Both,Sunday
Peaky Blinders: Season 4: Dangerous,1/26/2018,Both,Friday
Peaky Blinders: Season 4: Blackbird,1/25/2018,Both,Thursday
Peaky Blinders: Season 4: Heathens,1/25/2018,Both,Thursday
Peaky Blinders: Season 4: The Noose,1/24/2018,Both,Wednesday
Peaky Blinders: Season 3: Episode 6,1/21/2018,Both,Sunday
Peaky Blinders: Season 3: Episode 5,1/20/2018,Both,Saturday
Peaky Blinders: Season 3: Episode 4,1/20/2018,Both,Saturday
Peaky Blinders: Season 3: Episode 3,1/19/2018,Both,Friday
Peaky Blinders: Season 3: Episode 2,1/19/2018,Both,Friday
Peaky Blinders: Season 3: Episode 1,1/18/2018,Both,Thursday
Peaky Blinders: Season 2: Episode 6,1/18/2018,Both,Thursday
Peaky Blinders: Season 2: Episode 5,1/18/2018,Both,Thursday
Bill Burr: Why Do I Do This?,1/17/2018,Erik,Wednesday
Tom Segura: Mostly Stories,1/17/2018,Erik,Wednesday
Black Mirror: Season 4: Crocodile,1/17/2018,Both,Wednesday
